25216,Phường Thác Mơ,688
25217,Phường Long Thủy,688
25219,Phường Phước Bình,688
25220,Phường Long Phước,688
25237,Phường Sơn Giang,688
25245,Xã Long Giang,688
25249,Xã Phước Tín,688
25195,Phường Tân Phú,689
25198,Phường Tân Đồng,689
25201,Phường Tân Bình,689
25204,Phường Tân Xuân,689
25205,Phường Tân Thiện,689
25207,Xã Tân Thành,689
25210,Phường Tiến Thành,689
25213,Xã Tiến Hưng,689
25320,Phường Hưng Chiến,690
25324,Phường An Lộc,690
25325,Phường Phú Thịnh,690
25326,Phường Phú Đức,690
25333,Xã Thanh Lương,690
25336,Xã Thanh Phú,690
25222,Xã Bù Gia Mập,691
25225,Xã Đak Ơ,691
25228,Xã Đức Hạnh,691
25229,Xã Phú Văn,691
25231,Xã Đa Kia,691
25232,Xã Phước Minh,691
25234,Xã Bình Thắng,691
25267,Xã Phú Nghĩa,691
25270,Thị trấn Lộc Ninh,692
25273,Xã Lộc Hòa,692
25276,Xã Lộc An,692
25279,Xã Lộc Tấn,692
25280,Xã Lộc Thạnh,692
25282,Xã Lộc Hiệp,692
25285,Xã Lộc Thiện,692
25288,Xã Lộc Thuận,692
25291,Xã Lộc Quang,692
25292,Xã Lộc Phú,692
25294,Xã Lộc Thành,692
25297,Xã Lộc Thái,692
25300,Xã Lộc Điền,692
25303,Xã Lộc Hưng,692
25305,Xã Lộc Thịnh,692
25306,Xã Lộc Khánh,692
25308,Thị trấn Thanh Bình,693
25309,Xã Hưng Phước,693
25310,Xã Phước Thiện,693
25312,Xã Thiện Hưng,693
25315,Xã Thanh Hòa,693
25318,Xã Tân Thành,693
25321,Xã Tân Tiến,693
25327,Xã Thanh An,694
25330,Xã An Khương,694
25339,Xã An Phú,694
25342,Xã Tân Lợi,694
25345,Xã Tân Hưng,694
25348,Xã Minh Đức,694
25349,Xã Minh Tâm,694
25351,Xã Phước An,694
25354,Xã Thanh Bình,694
25357,Thị trấn Tân Khai,694
25360,Xã Đồng Nơ,694
25361,Xã Tân Hiệp,694
25438,Xã Tân Quan,694
25363,Thị trấn Tân Phú,695
25366,Xã Thuận Lợi,695
25369,Xã Đồng Tâm,695
25372,Xã Tân Phước,695
25375,Xã Tân Hưng,695
25378,Xã Tân Lợi,695
25381,Xã Tân Lập,695
25384,Xã Tân Hòa,695
25387,Xã Thuận Phú,695
25390,Xã Đồng Tiến,695
25393,Xã Tân Tiến,695
25396,Thị trấn Đức Phong,696
25398,Xã Đường 10,696
25399,Xã Đak Nhau,696
25400,Xã Phú Sơn,696
25402,Xã Thọ Sơn,696
25404,Xã Bình Minh,696
25405,Xã Bom Bo,696
25408,Xã Minh Hưng,696
25411,Xã Đoàn Kết,696
25414,Xã Đồng Nai,696
25417,Xã Đức Liễu,696
25420,Xã Thống Nhất,696
25423,Xã Nghĩa Trung,696
25424,Xã Nghĩa Bình,696
25426,Xã Đăng Hà,696
25429,Xã Phước Sơn,696
25432,Thị trấn Chơn Thành,697
25433,Xã Thành Tâm,697
25435,Xã Minh Lập,697
25439,Xã Quang Minh,697
25441,Xã Minh Hưng,697
25444,Xã Minh Long,697
25447,Xã Minh Thành,697
25450,Xã Nha Bích,697
25453,Xã Minh Thắng,697
25240,Xã Long Bình,698
25243,Xã Bình Tân,698
25244,Xã Bình Sơn,698
25246,Xã Long Hưng,698
25250,Xã Phước Tân,698
25252,Xã Bù Nho,698
25255,Xã Long Hà,698
25258,Xã Long Tân,698
25261,Xã Phú Trung,698
25264,Xã Phú Riềng,698
25456,Phường 1,703
25459,Phường 3,703
25462,Phường 4,703
25465,Phường Hiệp Ninh,703
25468,Phường 2,703
25471,Xã Thạnh Tân,703
25474,Xã Tân Bình,703
25477,Xã Bình Minh,703
25480,Phường Ninh Sơn,703
25483,Phường Ninh Thạnh,703
25486,Thị trấn Tân Biên,705
25489,Xã Tân Lập,705
25492,Xã Thạnh Bắc,705
25495,Xã Tân Bình,705
25498,Xã Thạnh Bình,705
25501,Xã Thạnh Tây,705
25504,Xã Hòa Hiệp,705
25507,Xã Tân Phong,705
25510,Xã Mỏ Công,705
25513,Xã Trà Vong,705
25516,Thị trấn Tân Châu,706
25519,Xã Tân Hà,706
25522,Xã Tân Đông,706
25525,Xã Tân Hội,706
25528,Xã Tân Hòa,706
25531,Xã Suối Ngô,706
25534,Xã Suối Dây,706
25537,Xã Tân Hiệp,706
25540,Xã Thạnh Đông,706
25543,Xã Tân Thành,706
25546,Xã Tân Phú,706
25549,Xã Tân Hưng,706
25552,Thị trấn Dương Minh Châu,707
25555,Xã Suối Đá,707
25558,Xã Phan,707
25561,Xã Phước Ninh,707
25564,Xã Phước Minh,707
25567,Xã Bàu Năng,707
25570,Xã Chà Là,707
25573,Xã Cầu Khởi,707
25576,Xã Bến Củi,707
25579,Xã Lộc Ninh,707
25582,Xã Truông Mít,707
25585,Thị trấn Châu Thành,708
25588,Xã Hảo Đước,708
25591,Xã Phước Vinh,708
25594,Xã Đồng Khởi,708
25597,Xã Thái Bình,708
25600,Xã An Cơ,708
25603,Xã Biên Giới,708
25606,Xã Hòa Thạnh,708
25609,Xã Trí Bình,708
25612,Xã Hòa Hội,708
25615,Xã An Bình,708
25618,Xã Thanh Điền,708
25621,Xã Thành Long,708
25624,Xã Ninh Điền,708
25627,Xã Long Vĩnh,708
25630,Phường Long Hoa,709
25633,Phường Hiệp Tân,709
25636,Phường Long Thành Bắc,709
25639,Xã Trường Hòa,709
25642,Xã Trường Đông,709
25645,Phường Long Thành Trung,709
25648,Xã Trường Tây,709
25651,Xã Long Thành Nam,709
25654,Thị trấn Gò Dầu,710
25657,Xã Thạnh Đức,710
25660,Xã Cẩm Giang,710
25663,Xã Hiệp Thạnh,710
25666,Xã Bàu Đồn,710
25669,Xã Phước Thạnh,710
25672,Xã Phước Đông,710
25675,Xã Phước Trạch,710
25678,Xã Thanh Phước,710
25681,Thị trấn Bến Cầu,711
25684,Xã Long Chữ,711
25687,Xã Long Phước,711
25690,Xã Long Giang,711
25693,Xã Tiên Thuận,711
25696,Xã Long Khánh,711
25699,Xã Lợi Thuận,711
25702,Xã Long Thuận,711
25705,Xã An Thạnh,711
25708,Phường Trảng Bàng,712
25711,Xã Đôn Thuận,712
25714,Xã Hưng Thuận,712
25717,Phường Lộc Hưng,712
25720,Phường Gia Lộc,712
25723,Phường Gia Bình,712
25729,Xã Phước Bình,712
25732,Phường An Tịnh,712
25735,Phường An Hòa,712
25738,Xã Phước Chỉ,712
25741,Phường Hiệp Thành,718
25744,Phường Phú Lợi,718
25747,Phường Phú Cường,718
25750,Phường Phú Hòa,718
25753,Phường Phú Thọ,718
25756,Phường Chánh Nghĩa,718
25759,Phường Định Hoà,718
25760,Phường Hoà Phú,718
25762,Phường Phú Mỹ,718
25763,Phường Phú Tân,718
25765,Phường Tân An,718
25768,Phường Hiệp An,718
25771,Phường Tương Bình Hiệp,718
25774,Phường Chánh Mỹ,718
25816,Xã Trừ Văn Thố,719
25819,Xã Cây Trường II,719
25822,Thị trấn Lai Uyên,719
25825,Xã Tân Hưng,719
25828,Xã Long Nguyên,719
25831,Xã Hưng Hòa,719
25834,Xã Lai Hưng,719
25777,Thị trấn Dầu Tiếng,720
25780,Xã Minh Hoà,720
25783,Xã Minh Thạnh,720
25786,Xã Minh Tân,720
25789,Xã Định An,720
25792,Xã Long Hoà,720
25795,Xã Định Thành,720
25798,Xã Định Hiệp,720
25801,Xã An Lập,720
25804,Xã Long Tân,720
25807,Xã Thanh An,720
25810,Xã Thanh Tuyền,720
25813,Phường Mỹ Phước,721
25837,Phường Chánh Phú Hòa,721
25840,Xã An Điền,721
25843,Xã An Tây,721
25846,Phường Thới Hòa,721
25849,Phường Hòa Lợi,721
25852,Phường Tân Định,721
25855,Xã Phú An,721
25858,Thị trấn Phước Vĩnh,722
25861,Xã An Linh,722
25864,Xã Phước Sang,722
25865,Xã An Thái,722
25867,Xã An Long,722
25870,Xã An Bình,722
25873,Xã Tân Hiệp,722
25876,Xã Tam Lập,722
25879,Xã Tân Long,722
25882,Xã Vĩnh Hoà,722
25885,Xã Phước Hoà,722
25888,Phường Uyên Hưng,723
25891,Phường Tân Phước Khánh,723
25912,Phường Vĩnh Tân,723
25915,Phường Hội Nghĩa,723
25920,Phường Tân Hiệp,723
25921,Phường Khánh Bình,723
25924,Phường Phú Chánh,723
25930,Xã Bạch Đằng,723
25933,Phường Tân Vĩnh Hiệp,723
25936,Phường Thạnh Phước,723
25937,Xã Thạnh Hội,723
25939,Phường Thái Hòa,723
25942,Phường Dĩ An,724
25945,Phường Tân Bình,724
25948,Phường Tân Đông Hiệp,724
25951,Phường Bình An,724
25954,Phường Bình Thắng,724
25957,Phường Đông Hòa,724
25960,Phường An Bình,724
25963,Phường An Thạnh,725
25966,Phường Lái Thiêu,725
25969,Phường Bình Chuẩn,725
25972,Phường Thuận Giao,725
25975,Phường An Phú,725
25978,Phường Hưng Định,725
25981,Xã An Sơn,725
25984,Phường Bình Nhâm,725
25987,Phường Bình Hòa,725
25990,Phường Vĩnh Phú,725
25894,Xã Tân Định,726
25897,Xã Bình Mỹ,726
25900,Thị trấn Tân Bình,726
25903,Xã Tân Lập,726
25906,Thị trấn Tân Thành,726
25907,Xã Đất Cuốc,726
25908,Xã Hiếu Liêm,726
25909,Xã Lạc An,726
25918,Xã Tân Mỹ,726
25927,Xã Thường Tân,726
25993,Phường Trảng Dài,731
25996,Phường Tân Phong,731
25999,Phường Tân Biên,731
26002,Phường Hố Nai,731
26005,Phường Tân Hòa,731
26008,Phường Tân Hiệp,731
26011,Phường Bửu Long,731
26014,Phường Tân Tiến,731
26017,Phường Tam Hiệp,731
26020,Phường Long Bình,731
26023,Phường Quang Vinh,731
26026,Phường Tân Mai,731
26029,Phường Thống Nhất,731
26032,Phường Trung Dũng,731
26035,Phường Tam Hòa,731
26038,Phường Hòa Bình,731
26041,Phường Quyết Thắng,731
26044,Phường Thanh Bình,731
26047,Phường Bình Đa,731
26050,Phường An Bình,731
26053,Phường Bửu Hòa,731
26056,Phường Long Bình Tân,731
26059,Phường Tân Vạn,731
26062,Phường Tân Hạnh,731
26065,Phường Hiệp Hòa,731
26068,Phường Hóa An,731
26371,Phường An Hòa,731
26374,Phường Tam Phước,731
26377,Phường Phước Tân,731
26380,Xã Long Hưng,731
26071,Phường Xuân Trung,732
26074,Phường Xuân Thanh,732
26077,Phường Xuân Bình,732
26080,Phường Xuân An,732
26083,Phường Xuân Hoà,732
26086,Phường Phú Bình,732
26089,Xã Bình Lộc,732
26092,Xã Bảo Quang,732
26095,Phường Suối Tre,732
26098,Phường Bảo Vinh,732
26101,Phường Xuân Lập,732
26104,Phường Bàu Sen,732
26107,Xã Bàu Trâm,732
26110,Phường Xuân Tân,732
26113,Xã Hàng Gòn,732
26116,Thị trấn Tân Phú,734
26119,Xã Dak Lua,734
26122,Xã Nam Cát Tiên,734
26125,Xã Phú An,734
26128,Xã Núi Tượng,734
26131,Xã Tà Lài,734
26134,Xã Phú Lập,734
26137,Xã Phú Sơn,734
26140,Xã Phú Thịnh,734
26143,Xã Thanh Sơn,734
26146,Xã Phú Trung,734
26149,Xã Phú Xuân,734
26152,Xã Phú Lộc,734
26155,Xã Phú Lâm,734
26158,Xã Phú Bình,734
26161,Xã Phú Thanh,734
26164,Xã Trà Cổ,734
26167,Xã Phú Điền,734
26170,Thị trấn Vĩnh An,735
26173,Xã Phú Lý,735
26176,Xã Trị An,735
26179,Xã Tân An,735
26182,Xã Vĩnh Tân,735
26185,Xã Bình Lợi,735
26188,Xã Thạnh Phú,735
26191,Xã Thiện Tân,735
26194,Xã Tân Bình,735
26197,Xã Bình Hòa,735
26200,Xã Mã Đà,735
26203,Xã Hiếu Liêm,735
26206,Thị trấn Định Quán,736
26209,Xã Thanh Sơn,736
26212,Xã Phú Tân,736
26215,Xã Phú Vinh,736
26218,Xã Phú Lợi,736
26221,Xã Phú Hòa,736
26224,Xã Ngọc Định,736
26227,Xã La Ngà,736
26230,Xã Gia Canh,736
26233,Xã Phú Ngọc,736
26236,Xã Phú Cường,736
26239,Xã Túc Trưng,736
26242,Xã Phú Túc,736
26245,Xã Suối Nho,736
26248,Thị trấn Trảng Bom,737
26251,Xã Thanh Bình,737
26254,Xã Cây Gáo,737
26257,Xã Bàu Hàm,737
26260,Xã Sông Thao,737
26263,Xã Sông Trầu,737
26266,Xã Đông Hoà,737
26269,Xã Bắc Sơn,737
26272,Xã Hố Nai 3,737
26275,Xã Tây Hoà,737
26278,Xã Bình Minh,737
26281,Xã Trung Hoà,737
26284,Xã Đồi 61,737
26287,Xã Hưng Thịnh,737
26290,Xã Quảng Tiến,737
26293,Xã Giang Điền,737
26296,Xã An Viễn,737
26299,Xã Gia Tân 1,738
26302,Xã Gia Tân 2,738
26305,Xã Gia Tân 3,738
26308,Xã Gia Kiệm,738
26311,Xã Quang Trung,738
26314,Xã Bàu Hàm 2,738
26317,Xã Hưng Lộc,738
26320,Xã Lộ 25,738
26323,Xã Xuân Thiện,738
26326,Thị trấn Dầu Giây,738
26329,Xã Sông Nhạn,739
26332,Xã Xuân Quế,739
26335,Xã Nhân Nghĩa,739
26338,Xã Xuân Đường,739
26341,Thị trấn Long Giao,739
26344,Xã Xuân Mỹ,739
26347,Xã Thừa Đức,739
26350,Xã Bảo Bình,739
26353,Xã Xuân Bảo,739
26356,Xã Xuân Tây,739
26359,Xã Xuân Đông,739
26362,Xã Sông Ray,739
26365,Xã Lâm San,739
26368,Thị trấn Long Thành,740
26383,Xã An Phước,740
26386,Xã Bình An,740
26389,Xã Long Đức,740
26392,Xã Lộc An,740
26395,Xã Bình Sơn,740
26398,Xã Tam An,740
26401,Xã Cẩm Đường,740
26404,Xã Long An,740
26410,Xã Bàu Cạn,740
26413,Xã Long Phước,740
26416,Xã Phước Bình,740
26419,Xã Tân Hiệp,740
26422,Xã Phước Thái,740
26425,Thị trấn Gia Ray,741
26428,Xã Xuân Bắc,741
26431,Xã Suối Cao,741
26434,Xã Xuân Thành,741
26437,Xã Xuân Thọ,741
26440,Xã Xuân Trường,741
26443,Xã Xuân Hòa,741
26446,Xã Xuân Hưng,741
26449,Xã Xuân Tâm,741
26452,Xã Suối Cát,741
26455,Xã Xuân Hiệp,741
26458,Xã Xuân Phú,741
26461,Xã Xuân Định,741
26464,Xã Bảo Hoà,741
26467,Xã Lang Minh,741
26470,Xã Phước Thiền,742
26473,Xã Long Tân,742
26476,Xã Đại Phước,742
26479,Thị trấn Hiệp Phước,742
26482,Xã Phú Hữu,742
26485,Xã Phú Hội,742
26488,Xã Phú Thạnh,742
26491,Xã Phú Đông,742
26494,Xã Long Thọ,742
26497,Xã Vĩnh Thanh,742
26500,Xã Phước Khánh,742
26503,Xã Phước An,742
26506,Phường 1,747
26508,Phường Thắng Tam,747
26509,Phường 2,747
26512,Phường 3,747
26515,Phường 4,747
26518,Phường 5,747
26521,Phường Thắng Nhì,747
26524,Phường 7,747
26526,Phường Nguyễn An Ninh,747
26527,Phường 8,747
26530,Phường 9,747
26533,Phường Thắng Nhất,747
26535,Phường Rạch Dừa,747
26536,Phường 10,747
26539,Phường 11,747
26542,Phường 12,747
26545,Xã Long Sơn,747
26548,Phường Phước Hưng,748
26551,Phường Phước Hiệp,748
26554,Phường Phước Nguyên,748
26557,Phường Long Toàn,748
26558,Phường Long Tâm,748
26560,Phường Phước Trung,748
26563,Phường Long Hương,748
26566,Phường Kim Dinh,748
26567,Xã Tân Hưng,748
26569,Xã Long Phước,748
26572,Xã Hoà Long,748
26574,Xã Bàu Chinh,750
26575,Thị trấn Ngãi Giao,750
26578,Xã Bình Ba,750
26581,Xã Suối Nghệ,750
26584,Xã Xuân Sơn,750
26587,Xã Sơn Bình,750
26590,Xã Bình Giã,750
26593,Xã Bình Trung,750
26596,Xã Xà Bang,750
26599,Xã Cù Bị,750
26602,Xã Láng Lớn,750
26605,Xã Quảng Thành,750
26608,Xã Kim Long,750
26611,Xã Suối Rao,750
26614,Xã Đá Bạc,750
26617,Xã Nghĩa Thành,750
26620,Thị trấn Phước Bửu,751
26623,Xã Phước Thuận,751
26626,Xã Phước Tân,751
26629,Xã Xuyên Mộc,751
26632,Xã Bông Trang,751
26635,Xã Tân Lâm,751
26638,Xã Bàu Lâm,751
26641,Xã Hòa Bình,751
26644,Xã Hòa Hưng,751
26647,Xã Hòa Hiệp,751
26650,Xã Hòa Hội,751
26653,Xã Bưng Riềng,751
26656,Xã Bình Châu,751
26659,Thị trấn Long Điền,752
26662,Thị trấn Long Hải,752
26665,Xã An Ngãi,752
26668,Xã Tam Phước,752
26671,Xã An Nhứt,752
26674,Xã Phước Tỉnh,752
26677,Xã Phước Hưng,752
26680,Thị trấn Đất Đỏ,753
26683,Xã Phước Long Thọ,753
26686,Xã Phước Hội,753
26689,Xã Long Mỹ,753
26692,Thị trấn Phước Hải,753
26695,Xã Long Tân,753
26698,Xã Láng Dài,753
26701,Xã Lộc An,753
26704,Phường Phú Mỹ,754
26707,Xã Tân Hoà,754
26710,Xã Tân Hải,754
26713,Phường Phước Hoà,754
26716,Phường Tân Phước,754
26719,Phường Mỹ Xuân,754
26722,Xã Sông Xoài,754
26725,Phường Hắc Dịch,754
26728,Xã Châu Pha,754
26731,Xã Tóc Tiên,754
26734,Phường Tân Định,760
26737,Phường Đa Kao,760
26740,Phường Bến Nghé,760
26743,Phường Bến Thành,760
26746,Phường Nguyễn Thái Bình,760
26749,Phường Phạm Ngũ Lão,760
26752,Phường Cầu Ông Lãnh,760
26755,Phường Cô Giang,760
26758,Phường Nguyễn Cư Trinh,760
26761,Phường Cầu Kho,760
26764,Phường Thạnh Xuân,761
26767,Phường Thạnh Lộc,761
26770,Phường Hiệp Thành,761
26773,Phường Thới An,761
26776,Phường Tân Chánh Hiệp,761
26779,Phường An Phú Đông,761
26782,Phường Tân Thới Hiệp,761
26785,Phường Trung Mỹ Tây,761
26787,Phường Tân Hưng Thuận,761
26788,Phường Đông Hưng Thuận,761
26791,Phường Tân Thới Nhất,761
26869,Phường 15,764
26872,Phường 13,764
26875,Phường 17,764
26876,Phường 6,764
26878,Phường 16,764
26881,Phường 12,764
26882,Phường 14,764
26884,Phường 10,764
26887,Phường 05,764
26890,Phường 07,764
26893,Phường 04,764
26896,Phường 01,764
26897,Phường 9,764
26898,Phường 8,764
26899,Phường 11,764
26902,Phường 03,764
26905,Phường 13,765
26908,Phường 11,765
26911,Phường 27,765
26914,Phường 26,765
26917,Phường 12,765
26920,Phường 25,765
26923,Phường 05,765
26926,Phường 07,765
26929,Phường 24,765
26932,Phường 06,765
26935,Phường 14,765
26938,Phường 15,765
26941,Phường 02,765
26944,Phường 01,765
26947,Phường 03,765
26950,Phường 17,765
26953,Phường 21,765
26956,Phường 22,765
26959,Phường 19,765
26962,Phường 28,765
26965,Phường 02,766
26968,Phường 04,766
26971,Phường 12,766
26974,Phường 13,766
26977,Phường 01,766
26980,Phường 03,766
26983,Phường 11,766
26986,Phường 07,766
26989,Phường 05,766
26992,Phường 10,766
26995,Phường 06,766
26998,Phường 08,766
27001,Phường 09,766
27004,Phường 14,766
27007,Phường 15,766
27010,Phường Tân Sơn Nhì,767
27013,Phường Tây Thạnh,767
27016,Phường Sơn Kỳ,767
27019,Phường Tân Quý,767
27022,Phường Tân Thành,767
27025,Phường Phú Thọ Hòa,767
27028,Phường Phú Thạnh,767
27031,Phường Phú Trung,767
27034,Phường Hòa Thạnh,767
27037,Phường Hiệp Tân,767
27040,Phường Tân Thới Hòa,767
27043,Phường 04,768
27046,Phường 05,768
27049,Phường 09,768
27052,Phường 07,768
27055,Phường 03,768
27058,Phường 01,768
27061,Phường 02,768
27064,Phường 08,768
27067,Phường 15,768
27070,Phường 10,768
27073,Phường 11,768
27076,Phường 17,768
27085,Phường 13,768
26794,Phường Linh Xuân,769
26797,Phường Bình Chiểu,769
26800,Phường Linh Trung,769
26803,Phường Tam Bình,769
26806,Phường Tam Phú,769
26809,Phường Hiệp Bình Phước,769
26812,Phường Hiệp Bình Chánh,769
26815,Phường Linh Chiểu,769
26818,Phường Linh Tây,769
26821,Phường Linh Đông,769
26824,Phường Bình Thọ,769
26827,Phường Trường Thọ,769
26830,Phường Long Bình,769
26833,Phường Long Thạnh Mỹ,769
26836,Phường Tân Phú,769
26839,Phường Hiệp Phú,769
26842,Phường Tăng Nhơn Phú A,769
26845,Phường Tăng Nhơn Phú B,769
26848,Phường Phước Long B,769
26851,Phường Phước Long A,769
26854,Phường Trường Thạnh,769
26857,Phường Long Phước,769
26860,Phường Long Trường,769
26863,Phường Phước Bình,769
26866,Phường Phú Hữu,769
27088,Phường Thảo Điền,769
27091,Phường An Phú,769
27094,Phường An Khánh,769
27097,Phường Bình Trưng Đông,769
27100,Phường Bình Trưng Tây,769
27109,Phường Cát Lái,769
27112,Phường Thạnh Mỹ Lợi,769
27115,Phường An Lợi Đông,769
27118,Phường Thủ Thiêm,769
27127,Phường 14,770
27130,Phường 12,770
27133,Phường 11,770
27136,Phường 13,770
27139,Phường Võ Thị Sáu,770
27142,Phường 09,770
27145,Phường 10,770
27148,Phường 04,770
27151,Phường 05,770
27154,Phường 03,770
27157,Phường 02,770
27160,Phường 01,770
27163,Phường 15,771
27166,Phường 13,771
27169,Phường 14,771
27172,Phường 12,771
27175,Phường 11,771
27178,Phường 10,771
27181,Phường 09,771
27184,Phường 01,771
27187,Phường 08,771
27190,Phường 02,771
27193,Phường 04,771
27196,Phường 07,771
27199,Phường 05,771
27202,Phường 06,771
27208,Phường 15,772
27211,Phường 05,772
27214,Phường 14,772
27217,Phường 11,772
27220,Phường 03,772
27223,Phường 10,772
27226,Phường 13,772
27229,Phường 08,772
27232,Phường 09,772
27235,Phường 12,772
27238,Phường 07,772
27241,Phường 06,772
27244,Phường 04,772
27247,Phường 01,772
27250,Phường 02,772
27253,Phường 16,772
27259,Phường 13,773
27262,Phường 09,773
27265,Phường 06,773
27268,Phường 08,773
27271,Phường 10,773
27277,Phường 18,773
27280,Phường 14,773
27283,Phường 04,773
27286,Phường 03,773
27289,Phường 16,773
27292,Phường 02,773
27295,Phường 15,773
27298,Phường 01,773
27301,Phường 04,774
27304,Phường 09,774
27307,Phường 03,774
27310,Phường 12,774
27313,Phường 02,774
27316,Phường 08,774
27322,Phường 07,774
27325,Phường 01,774
27328,Phường 11,774
27331,Phường 14,774
27334,Phường 05,774
27337,Phường 06,774
27340,Phường 10,774
27343,Phường 13,774
27346,Phường 14,775
27349,Phường 13,775
27352,Phường 09,775
27355,Phường 06,775
27358,Phường 12,775
27361,Phường 05,775
27364,Phường 11,775
27367,Phường 02,775
27370,Phường 01,775
27373,Phường 04,775
27376,Phường 08,775
27379,Phường 03,775
27382,Phường 07,775
27385,Phường 10,775
27388,Phường 08,776
27391,Phường 02,776
27394,Phường 01,776
27397,Phường 03,776
27400,Phường 11,776
27403,Phường 09,776
27406,Phường 10,776
27409,Phường 04,776
27412,Phường 13,776
27415,Phường 12,776
27418,Phường 05,776
27421,Phường 14,776
27424,Phường 06,776
27427,Phường 15,776
27430,Phường 16,776
27433,Phường 07,776
27436,Phường Bình Hưng Hòa,777
27439,Phường Bình Hưng Hoà A,777
27442,Phường Bình Hưng Hoà B,777
27445,Phường Bình Trị Đông,777
27448,Phường Bình Trị Đông A,777
27451,Phường Bình Trị Đông B,777
27454,Phường Tân Tạo,777
27457,Phường Tân Tạo A,777
27460,Phường  An Lạc,777
27463,Phường An Lạc A,777
27466,Phường Tân Thuận Đông,778
27469,Phường Tân Thuận Tây,778
27472,Phường Tân Kiểng,778
27475,Phường Tân Hưng,778
27478,Phường Bình Thuận,778
27481,Phường Tân Quy,778
27484,Phường Phú Thuận,778
27487,Phường Tân Phú,778
27490,Phường Tân Phong,778
27493,Phường Phú Mỹ,778
27496,Thị trấn Củ Chi,783
27499,Xã Phú Mỹ Hưng,783
27502,Xã An Phú,783
27505,Xã Trung Lập Thượng,783
27508,Xã An Nhơn Tây,783
27511,Xã Nhuận Đức,783
27514,Xã Phạm Văn Cội,783
27517,Xã Phú Hòa Đông,783
27520,Xã Trung Lập Hạ,783
27523,Xã Trung An,783
27526,Xã Phước Thạnh,783
27529,Xã Phước Hiệp,783
27532,Xã Tân An Hội,783
27535,Xã Phước Vĩnh An,783
27538,Xã Thái Mỹ,783
27541,Xã Tân Thạnh Tây,783
27544,Xã Hòa Phú,783
27547,Xã Tân Thạnh Đông,783
27550,Xã Bình Mỹ,783
27553,Xã Tân Phú Trung,783
27556,Xã Tân Thông Hội,783
27559,Thị trấn Hóc Môn,784
27562,Xã Tân Hiệp,784
27565,Xã Nhị Bình,784
27568,Xã Đông Thạnh,784
27571,Xã Tân Thới Nhì,784
27574,Xã Thới Tam Thôn,784
27577,Xã Xuân Thới Sơn,784
27580,Xã Tân Xuân,784
27583,Xã Xuân Thới Đông,784
27586,Xã Trung Chánh,784
27589,Xã Xuân Thới Thượng,784
27592,Xã Bà Điểm,784
27595,Thị trấn Tân Túc,785
27598,Xã Phạm Văn Hai,785
27601,Xã Vĩnh Lộc A,785
27604,Xã Vĩnh Lộc B,785
27607,Xã Bình Lợi,785
27610,Xã Lê Minh Xuân,785
27613,Xã Tân Nhựt,785
27616,Xã Tân Kiên,785
27619,Xã Bình Hưng,785
27622,Xã Phong Phú,785
27625,Xã An Phú Tây,785
27628,Xã Hưng Long,785
27631,Xã Đa Phước,785
27634,Xã Tân Quý Tây,785
27637,Xã Bình Chánh,785
27640,Xã Quy Đức,785
27643,Thị trấn Nhà Bè,786
27646,Xã Phước Kiển,786
27649,Xã Phước Lộc,786
27652,Xã Nhơn Đức,786
27655,Xã Phú Xuân,786
27658,Xã Long Thới,786
27661,Xã Hiệp Phước,786
27664,Thị trấn Cần Thạnh,787
27667,Xã Bình Khánh,787
27670,Xã Tam Thôn Hiệp,787
27673,Xã An Thới Đông,787
27676,Xã Thạnh An,787
27679,Xã Long Hòa,787
27682,Xã Lý Nhơn,787
27685,Phường 5,794
27688,Phường 2,794
27691,Phường 4,794
27692,Phường Tân Khánh,794
27694,Phường 1,794
27697,Phường 3,794
27698,Phường 7,794
27700,Phường 6,794
27703,Xã Hướng Thọ Phú,794
27706,Xã Nhơn Thạnh Trung,794
27709,Xã Lợi Bình Nhơn,794
27712,Xã Bình Tâm,794
27715,Phường Khánh Hậu,794
27718,Xã An Vĩnh Ngãi,794
27787,Phường 1,795
27788,Phường 2,795
27790,Xã Thạnh Trị,795
27793,Xã Bình Hiệp,795
27799,Xã Bình Tân,795
27805,Xã Tuyên Thạnh,795
27806,Phường 3,795
27817,Xã Thạnh Hưng,795
27721,Thị trấn Tân Hưng,796
27724,Xã Hưng Hà,796
27727,Xã Hưng Điền B,796
27730,Xã Hưng Điền,796
27733,Xã Thạnh Hưng,796
27736,Xã Hưng Thạnh,796
27739,Xã Vĩnh Thạnh,796
27742,Xã Vĩnh Châu B,796
27745,Xã Vĩnh Lợi,796
27748,Xã Vĩnh Đại,796
27751,Xã Vĩnh Châu A,796
27754,Xã Vĩnh Bửu,796
27757,Thị trấn Vĩnh Hưng,797
27760,Xã Hưng Điền A,797
27763,Xã Khánh Hưng,797
27766,Xã Thái Trị,797
27769,Xã Vĩnh Trị,797
27772,Xã Thái Bình Trung,797
27775,Xã Vĩnh Bình,797
27778,Xã Vĩnh Thuận,797
27781,Xã Tuyên Bình,797
27784,Xã Tuyên Bình Tây,797
27796,Xã Bình Hòa Tây,798
27802,Xã Bình Thạnh,798
27808,Xã Bình Hòa Trung,798
27811,Xã Bình Hòa Đông,798
27814,Thị trấn Bình Phong Thạnh,798
27820,Xã Tân Lập,798
27823,Xã Tân Thành,798
27826,Thị trấn Tân Thạnh,799
27829,Xã Bắc Hòa,799
27832,Xã Hậu Thạnh Tây,799
27835,Xã Nhơn Hòa Lập,799
27838,Xã Tân Lập,799
27841,Xã Hậu Thạnh Đông,799
27844,Xã Nhơn Hoà,799
27847,Xã Kiến Bình,799
27850,Xã Tân Thành,799
27853,Xã Tân Bình,799
27856,Xã Tân Ninh,799
27859,Xã Nhơn Ninh,799
27862,Xã Tân Hòa,799
27865,Thị trấn Thạnh Hóa,800
27868,Xã Tân Hiệp,800
27871,Xã Thuận Bình,800
27874,Xã Thạnh Phước,800
27877,Xã Thạnh Phú,800
27880,Xã Thuận Nghĩa Hòa,800
27883,Xã Thủy Đông,800
27886,Xã Thủy Tây,800
27889,Xã Tân Tây,800
27892,Xã Tân Đông,800
27895,Xã Thạnh An,800
27898,Thị trấn Đông Thành,801
27901,Xã Mỹ Quý Đông,801
27904,Xã Mỹ Thạnh Bắc,801
27907,Xã Mỹ Quý Tây,801
27910,Xã Mỹ Thạnh Tây,801
27913,Xã Mỹ Thạnh Đông,801
27916,Xã Bình Thành,801
27919,Xã Bình Hòa Bắc,801
27922,Xã Bình Hòa Hưng,801
27925,Xã Bình Hòa Nam,801
27928,Xã Mỹ Bình,801
27931,Thị trấn Hậu Nghĩa,802
27934,Thị trấn Hiệp Hòa,802
27937,Thị trấn Đức Hòa,802
27940,Xã Lộc Giang,802
27943,Xã An Ninh Đông,802
27946,Xã An Ninh Tây,802
27949,Xã Tân Mỹ,802
27952,Xã Hiệp Hòa,802
27955,Xã Đức Lập Thượng,802
27958,Xã Đức Lập Hạ,802
27961,Xã Tân Phú,802
27964,Xã Mỹ Hạnh Bắc,802
27967,Xã Đức Hòa Thượng,802
27970,Xã Hòa Khánh Tây,802
27973,Xã Hòa Khánh Đông,802
27976,Xã Mỹ Hạnh Nam,802
27979,Xã Hòa Khánh Nam,802
27982,Xã Đức Hòa Đông,802
27985,Xã Đức Hòa Hạ,802
27988,Xã Hựu Thạnh,802
27991,Thị trấn Bến Lức,803
27994,Xã Thạnh Lợi,803
27997,Xã Lương Bình,803
28000,Xã Thạnh Hòa,803
28003,Xã Lương Hòa,803
28006,Xã Tân Hòa,803
28009,Xã Tân Bửu,803
28012,Xã An Thạnh,803
28015,Xã Bình Đức,803
28018,Xã Mỹ Yên,803
28021,Xã Thanh Phú,803
28024,Xã Long Hiệp,803
28027,Xã Thạnh Đức,803
28030,Xã Phước Lợi,803
28033,Xã Nhựt Chánh,803
28036,Thị trấn Thủ Thừa,804
28039,Xã Long Thạnh,804
28042,Xã Tân Thành,804
28045,Xã Long Thuận,804
28048,Xã Mỹ Lạc,804
28051,Xã Mỹ Thạnh,804
28054,Xã Bình An,804
28057,Xã Nhị Thành,804
28060,Xã Mỹ An,804
28063,Xã Bình Thạnh,804
28066,Xã Mỹ Phú,804
28072,Xã Tân Long,804
28075,Thị trấn Tân Trụ,805
28078,Xã Tân Bình,805
28084,Xã Quê Mỹ Thạnh,805
28087,Xã Lạc Tấn,805
28090,Xã Bình Trinh Đông,805
28093,Xã Tân Phước Tây,805
28096,Xã Bình Lãng,805
28099,Xã Bình Tịnh,805
28102,Xã Đức Tân,805
28105,Xã Nhựt Ninh,805
28108,Thị trấn Cần Đước,806
28111,Xã Long Trạch,806
28114,Xã Long Khê,806
28117,Xã Long Định,806
28120,Xã Phước Vân,806
28123,Xã Long Hòa,806
28126,Xã Long Cang,806
28129,Xã Long Sơn,806
28132,Xã Tân Trạch,806
28135,Xã Mỹ Lệ,806
28138,Xã Tân Lân,806
28141,Xã Phước Tuy,806
28144,Xã Long Hựu Đông,806
28147,Xã Tân Ân,806
28150,Xã Phước Đông,806
28153,Xã Long Hựu Tây,806
28156,Xã Tân Chánh,806
28159,Thị trấn Cần Giuộc,807
28162,Xã Phước Lý,807
28165,Xã Long Thượng,807
28168,Xã Long Hậu,807
28174,Xã Phước Hậu,807
28177,Xã Mỹ Lộc,807
28180,Xã Phước Lại,807
28183,Xã Phước Lâm,807
28189,Xã Thuận Thành,807
28192,Xã Phước Vĩnh Tây,807
28195,Xã Phước Vĩnh Đông,807
28198,Xã Long An,807
28201,Xã Long Phụng,807
28204,Xã Đông Thạnh,807
28207,Xã Tân Tập,807
28210,Thị trấn Tầm Vu,808
28213,Xã Bình Quới,808
28216,Xã Hòa Phú,808
28219,Xã Phú Ngãi Trị,808
28222,Xã Vĩnh Công,808
28225,Xã Thuận Mỹ,808
28228,Xã Hiệp Thạnh,808
28231,Xã Phước Tân Hưng,808
28234,Xã Thanh Phú Long,808
28237,Xã Dương Xuân Hội,808
28240,Xã An Lục Long,808
28243,Xã Long Trì,808
28246,Xã Thanh Vĩnh Đông,808
28249,Phường 5,815
28252,Phường 4,815
28255,Phường 7,815
28258,Phường 3,815
28261,Phường 1,815
28264,Phường 2,815
28267,Phường 8,815
28270,Phường 6,815
28273,Phường 9,815
28276,Phường 10,815
28279,Phường Tân Long,815
28282,Xã Đạo Thạnh,815
28285,Xã Trung An,815
28288,Xã Mỹ Phong,815
28291,Xã Tân Mỹ Chánh,815
28567,Xã Phước Thạnh,815
28591,Xã Thới Sơn,815
28294,Phường 3,816
28297,Phường 2,816
28300,Phường 4,816
28303,Phường 1,816
28306,Phường 5,816
28309,Xã Long Hưng,816
28312,Xã Long Thuận,816
28315,Xã Long Chánh,816
28318,Xã Long Hòa,816
28708,Xã Bình Đông,816
28717,Xã Bình Xuân,816
28729,Xã Tân Trung,816
28435,Phường 1,817
28436,Phường 2,817
28437,Phường 3,817
28439,Phường 4,817
28440,Phường 5,817
28447,Xã Mỹ Phước Tây,817
28450,Xã Mỹ Hạnh Đông,817
28453,Xã Mỹ Hạnh Trung,817
28459,Xã Tân Phú,817
28462,Xã Tân Bình,817
28468,Xã Tân Hội,817
28474,Phường Nhị Mỹ,817
28477,Xã Nhị Quý,817
28480,Xã Thanh Hòa,817
28483,Xã Phú Quý,817
28486,Xã Long Khánh,817
28321,Thị trấn Mỹ Phước,818
28324,Xã Tân Hòa Đông,818
28327,Xã Thạnh Tân,818
28330,Xã Thạnh Mỹ,818
28333,Xã Thạnh Hoà,818
28336,Xã Phú Mỹ,818
28339,Xã Tân Hòa Thành,818
28342,Xã Hưng Thạnh,818
28345,Xã Tân Lập 1,818
28348,Xã Tân Hòa Tây,818
28354,Xã Tân Lập 2,818
28357,Xã Phước Lập,818
28360,Thị trấn Cái Bè,819
28363,Xã Hậu Mỹ Bắc B,819
28366,Xã Hậu Mỹ Bắc A,819
28369,Xã Mỹ Trung,819
28372,Xã Hậu Mỹ Trinh,819
28375,Xã Hậu Mỹ Phú,819
28378,Xã Mỹ Tân,819
28381,Xã Mỹ Lợi B,819
28384,Xã Thiện Trung,819
28387,Xã Mỹ Hội,819
28390,Xã An Cư,819
28393,Xã Hậu Thành,819
28396,Xã Mỹ Lợi A,819
28399,Xã Hòa Khánh,819
28402,Xã Thiện Trí,819
28405,Xã Mỹ Đức Đông,819
28408,Xã Mỹ Đức Tây,819
28411,Xã Đông Hòa Hiệp,819
28414,Xã An Thái Đông,819
28417,Xã Tân Hưng,819
28420,Xã Mỹ Lương,819
28423,Xã Tân Thanh,819
28426,Xã An Thái Trung,819
28429,Xã An Hữu,819
28432,Xã Hòa Hưng,819
28438,Xã Thạnh Lộc,820
28441,Xã Mỹ Thành Bắc,820
28444,Xã Phú Cường,820
28456,Xã Mỹ Thành Nam,820
28465,Xã Phú Nhuận,820
28471,Xã Bình Phú,820
28489,Xã Cẩm Sơn,820
28492,Xã Phú An,820
28495,Xã Mỹ Long,820
28498,Xã Long Tiên,820
28501,Xã Hiệp Đức,820
28504,Xã Long Trung,820
28507,Xã Hội Xuân,820
28510,Xã Tân Phong,820
28513,Xã Tam Bình,820
28516,Xã Ngũ Hiệp,820
28519,Thị trấn Tân Hiệp,821
28522,Xã Tân Hội Đông,821
28525,Xã Tân Hương,821
28528,Xã Tân Lý Đông,821
28531,Xã Tân Lý Tây,821
28534,Xã Thân Cửu Nghĩa,821
28537,Xã Tam Hiệp,821
28540,Xã Điềm Hy,821
28543,Xã Nhị Bình,821
28546,Xã Dưỡng Điềm,821
28549,Xã Đông Hòa,821
28552,Xã Long Định,821
28555,Xã Hữu Đạo,821
28558,Xã Long An,821
28561,Xã Long Hưng,821
28564,Xã Bình Trưng,821
28570,Xã Thạnh Phú,821
28573,Xã Bàn Long,821
28576,Xã Vĩnh Kim,821
28579,Xã Bình Đức,821
28582,Xã Song Thuận,821
28585,Xã Kim Sơn,821
28588,Xã Phú Phong,821
28594,Thị trấn Chợ Gạo,822
28597,Xã Trung Hòa,822
28600,Xã Hòa Tịnh,822
28603,Xã Mỹ Tịnh An,822
28606,Xã Tân Bình Thạnh,822
28609,Xã Phú Kiết,822
28612,Xã Lương Hòa Lạc,822
28615,Xã Thanh Bình,822
28618,Xã Quơn Long,822
28621,Xã Bình Phục Nhứt,822
28624,Xã Đăng Hưng Phước,822
28627,Xã Tân Thuận Bình,822
28630,Xã Song Bình,822
28633,Xã Bình Phan,822
28636,Xã Long Bình Điền,822
28639,Xã An Thạnh Thủy,822
28642,Xã Xuân Đông,822
28645,Xã Hòa Định,822
28648,Xã Bình Ninh,822
28651,Thị trấn Vĩnh Bình,823
28654,Xã Đồng Sơn,823
28657,Xã Bình Phú,823
28660,Xã Đồng Thạnh,823
28663,Xã Thành Công,823
28666,Xã Bình Nhì,823
28669,Xã Yên Luông,823
28672,Xã Thạnh Trị,823
28675,Xã Thạnh Nhựt,823
28678,Xã Long Vĩnh,823
28681,Xã Bình Tân,823
28684,Xã Vĩnh Hựu,823
28687,Xã Long Bình,823
28702,Thị trấn Tân Hòa,824
28705,Xã Tăng Hoà,824
28711,Xã Tân Phước,824
28714,Xã Gia Thuận,824
28720,Thị trấn Vàm Láng,824
28723,Xã Tân Tây,824
28726,Xã Kiểng Phước,824
28732,Xã Tân Đông,824
28735,Xã Bình Ân,824
28738,Xã Tân Điền,824
28741,Xã Bình Nghị,824
28744,Xã Phước Trung,824
28747,Xã Tân Thành,824
28690,Xã Tân Thới,825
28693,Xã Tân Phú,825
28696,Xã Phú Thạnh,825
28699,Xã Tân Thạnh,825
28750,Xã Phú Đông,825
28753,Xã Phú Tân,825
28756,Phường Phú Khương,829
28757,Phường Phú Tân,829
28759,Phường 8,829
28762,Phường 6,829
28765,Phường 4,829
28768,Phường 5,829
28777,Phường An Hội,829
28780,Phường 7,829
28783,Xã Sơn Đông,829
28786,Xã Phú Hưng,829
28789,Xã Bình Phú,829
28792,Xã Mỹ Thạnh An,829
28795,Xã Nhơn Thạnh,829
28798,Xã Phú Nhuận,829
28801,Thị trấn Châu Thành,831
28804,Xã Tân Thạch,831
28807,Xã Qưới Sơn,831
28810,Xã An Khánh,831
28813,Xã Giao Long,831
28819,Xã Phú Túc,831
28822,Xã Phú Đức,831
28825,Xã Phú An Hòa,831
28828,Xã An Phước,831
28831,Xã Tam Phước,831
28834,Xã Thành Triệu,831
28837,Xã Tường Đa,831
28840,Xã Tân Phú,831
28843,Xã Quới Thành,831
28846,Xã Phước Thạnh,831
28849,Xã An Hóa,831
28852,Xã Tiên Long,831
28855,Xã An Hiệp,831
28858,Xã Hữu Định,831
28861,Xã Tiên Thủy,831
28864,Xã Sơn Hòa,831
28870,Thị trấn Chợ Lách,832
28873,Xã Phú Phụng,832
28876,Xã Sơn Định,832
28879,Xã Vĩnh Bình,832
28882,Xã Hòa Nghĩa,832
28885,Xã Long Thới,832
28888,Xã Phú Sơn,832
28891,Xã Tân Thiềng,832
28894,Xã Vĩnh Thành,832
28897,Xã Vĩnh Hòa,832
28900,Xã Hưng Khánh Trung B,832
28903,Thị trấn Mỏ Cày,833
28930,Xã Định Thủy,833
28939,Xã Đa Phước Hội,833
28940,Xã Tân Hội,833
28942,Xã Phước Hiệp,833
28945,Xã Bình Khánh ,833
28951,Xã An Thạnh,833
28957,Xã An Định,833
28960,Xã Thành Thới B,833
28963,Xã Tân Trung,833
28966,Xã An Thới,833
28969,Xã Thành Thới A,833
28972,Xã Minh Đức,833
28975,Xã Ngãi Đăng,833
28978,Xã Cẩm Sơn,833
28981,Xã Hương Mỹ,833
28984,Thị trấn Giồng Trôm,834
28987,Xã Phong Nẫm,834
28993,Xã Mỹ Thạnh,834
28996,Xã Châu Hòa,834
28999,Xã Lương Hòa,834
29002,Xã Lương Quới,834
29005,Xã Lương Phú,834
29008,Xã Châu Bình,834
29011,Xã Thuận Điền,834
29014,Xã Sơn Phú,834
29017,Xã Bình Hoà,834
29020,Xã Phước Long,834
29023,Xã Hưng Phong,834
29026,Xã Long Mỹ,834
29029,Xã Tân Hào,834
29032,Xã Bình Thành,834
29035,Xã Tân Thanh,834
29038,Xã Tân Lợi Thạnh,834
29041,Xã Thạnh Phú Đông,834
29044,Xã Hưng Nhượng,834
29047,Xã Hưng Lễ,834
29050,Thị trấn Bình Đại,835
29053,Xã Tam Hiệp,835
29056,Xã Long Định,835
29059,Xã Long Hòa,835
29062,Xã Phú Thuận,835
29065,Xã Vang Quới Tây,835
29068,Xã Vang Quới Đông,835
29071,Xã Châu Hưng,835
29074,Xã Phú Vang,835
29077,Xã Lộc Thuận,835
29080,Xã Định Trung,835
29083,Xã Thới Lai,835
29086,Xã Bình Thới,835
29089,Xã Phú Long,835
29092,Xã Bình Thắng,835
29095,Xã Thạnh Trị,835
29098,Xã Đại Hòa Lộc,835
29101,Xã Thừa Đức,835
29104,Xã Thạnh Phước,835
29107,Xã Thới Thuận,835
29110,Thị trấn Ba Tri,836
29113,Xã Tân Mỹ,836
29116,Xã Mỹ Hòa,836
29119,Xã Tân Xuân,836
29122,Xã Mỹ Chánh,836
29125,Xã Bảo Thạnh,836
29128,Xã An Phú Trung,836
29131,Xã Mỹ Thạnh,836
29134,Xã Mỹ Nhơn,836
29137,Xã Phước Ngãi,836
29143,Xã An Ngãi Trung,836
29146,Xã Phú Lễ,836
29149,Xã An Bình Tây,836
29152,Xã Bảo Thuận,836
29155,Xã Tân Hưng,836
29158,Xã An Ngãi Tây,836
29161,Xã An Hiệp,836
29164,Xã Vĩnh Hòa,836
29167,Xã Tân Thủy,836
29170,Xã Vĩnh An,836
29173,Xã An Đức,836
29176,Xã An Hòa Tây,836
29179,Xã An Thủy,836
29182,Thị trấn Thạnh Phú,837
29185,Xã Phú Khánh,837
29188,Xã Đại Điền,837
29191,Xã Quới Điền,837
29194,Xã Tân Phong,837
29197,Xã Mỹ Hưng,837
29200,Xã An Thạnh,837
29203,Xã Thới Thạnh,837
29206,Xã Hòa Lợi,837
29209,Xã An Điền,837
29212,Xã Bình Thạnh,837
29215,Xã An Thuận,837
29218,Xã An Quy,837
29221,Xã Thạnh Hải,837
29224,Xã An Nhơn,837
29227,Xã Giao Thạnh,837
29230,Xã Thạnh Phong,837
29233,Xã Mỹ An,837
28889,Xã Phú Mỹ,838
28901,Xã Hưng Khánh Trung A,838
28906,Xã Thanh Tân,838
28909,Xã Thạnh Ngãi,838
28912,Xã Tân Phú Tây,838
28915,Xã Phước Mỹ Trung,838
28918,Xã Tân Thành Bình,838
28921,Xã Thành An,838
28924,Xã Hòa Lộc,838
28927,Xã Tân Thanh Tây,838
28933,Xã Tân Bình,838
28936,Xã Nhuận Phú Tân,838
28948,Xã Khánh Thạnh Tân,838
29236,Phường 4,842
29239,Phường 1,842
29242,Phường 3,842
29245,Phường 2,842
29248,Phường 5,842
29251,Phường 6,842
29254,Phường 7,842
29257,Phường 8,842
29260,Phường 9,842
29263,Xã Long Đức,842
29266,Thị trấn Càng Long,844
29269,Xã Mỹ Cẩm,844
29272,Xã An Trường A,844
29275,Xã An Trường,844
29278,Xã Huyền Hội,844
29281,Xã Tân An,844
29284,Xã Tân Bình,844
29287,Xã Bình Phú,844
29290,Xã Phương Thạnh,844
29293,Xã Đại Phúc,844
29296,Xã Đại Phước,844
29299,Xã Nhị Long Phú,844
29302,Xã Nhị Long,844
29305,Xã Đức Mỹ,844
29308,Thị trấn Cầu Kè,845
29311,Xã Hòa Ân,845
29314,Xã Châu Điền,845
29317,Xã An Phú Tân,845
29320,Xã Hoà Tân,845
29323,Xã Ninh Thới,845
29326,Xã Phong Phú,845
29329,Xã Phong Thạnh,845
29332,Xã Tam Ngãi,845
29335,Xã Thông Hòa,845
29338,Xã Thạnh Phú,845
29341,Thị trấn Tiểu Cần,846
29344,Thị trấn Cầu Quan,846
29347,Xã Phú Cần,846
29350,Xã Hiếu Tử,846
29353,Xã Hiếu Trung,846
29356,Xã Long Thới,846
29359,Xã Hùng Hòa,846
29362,Xã Tân Hùng,846
29365,Xã Tập Ngãi,846
29368,Xã Ngãi Hùng,846
29371,Xã Tân Hòa,846
29374,Thị trấn Châu Thành,847
29377,Xã Đa Lộc,847
29380,Xã Mỹ Chánh,847
29383,Xã Thanh Mỹ,847
29386,Xã Lương Hoà A,847
29389,Xã Lương Hòa,847
29392,Xã Song Lộc,847
29395,Xã Nguyệt Hóa,847
29398,Xã Hòa Thuận,847
29401,Xã Hòa Lợi,847
29404,Xã Phước Hảo,847
29407,Xã Hưng Mỹ,847
29410,Xã Hòa Minh,847
29413,Xã Long Hòa,847
29416,Thị trấn Cầu Ngang,848
29419,Thị trấn Mỹ Long,848
29422,Xã Mỹ Long Bắc,848
29425,Xã Mỹ Long Nam,848
29428,Xã Mỹ Hòa,848
29431,Xã Vĩnh Kim,848
29434,Xã Kim Hòa,848
29437,Xã Hiệp Hòa,848
29440,Xã Thuận Hòa,848
29443,Xã Long Sơn,848
29446,Xã Nhị Trường,848
29449,Xã Trường Thọ,848
29452,Xã Hiệp Mỹ Đông,848
29455,Xã Hiệp Mỹ Tây,848
29458,Xã Thạnh Hòa Sơn,848
29461,Thị trấn Trà Cú,849
29462,Thị trấn Định An,849
29464,Xã Phước Hưng,849
29467,Xã Tập Sơn,849
29470,Xã Tân Sơn,849
29473,Xã An Quảng Hữu,849
29476,Xã Lưu Nghiệp Anh,849
29479,Xã Ngãi Xuyên,849
29482,Xã Kim Sơn,849
29485,Xã Thanh Sơn,849
29488,Xã Hàm Giang,849
29489,Xã Hàm Tân,849
29491,Xã Đại An,849
29494,Xã Định An,849
29503,Xã Ngọc Biên,849
29506,Xã Long Hiệp,849
29509,Xã Tân Hiệp,849
29497,Xã Đôn Xuân,850
29500,Xã Đôn Châu,850
29513,Thị trấn Long Thành,850
29521,Xã Long Khánh,850
29530,Xã Ngũ Lạc,850
29533,Xã Long Vĩnh,850
29536,Xã Đông Hải,850
29512,Phường 1,851
29515,Xã Long Toàn,851
29516,Phường 2,851
29518,Xã Long Hữu,851
29524,Xã Dân Thành,851
29527,Xã Trường Long Hòa,851
29539,Xã Hiệp Thạnh,851
29542,Phường 9,855
29545,Phường 5,855
29548,Phường 1,855
29551,Phường 2,855
29554,Phường 4,855
29557,Phường 3,855
29560,Phường 8,855
29563,Phường Tân Ngãi,855
29566,Phường Tân Hòa,855
29569,Phường Tân Hội,855
29572,Phường Trường An,855
29575,Thị trấn Long Hồ,857
29578,Xã Đồng Phú,857
29581,Xã Bình Hòa Phước,857
29584,Xã Hòa Ninh,857
29587,Xã An Bình,857
29590,Xã Thanh Đức,857
29593,Xã Tân Hạnh,857
29596,Xã Phước Hậu,857
29599,Xã Long Phước,857
29602,Xã Phú Đức,857
29605,Xã Lộc Hòa,857
29608,Xã Long An,857
29611,Xã Phú Quới,857
29614,Xã Thạnh Quới,857
29617,Xã Hòa Phú,857
29623,Xã Mỹ An,858
29626,Xã Mỹ Phước,858
29629,Xã An Phước,858
29632,Xã Nhơn Phú,858
29635,Xã Long Mỹ,858
29638,Xã Hòa Tịnh,858
29641,Thị trấn Cái Nhum,858
29644,Xã Bình Phước,858
29647,Xã Chánh An,858
29650,Xã Tân An Hội,858
29653,Xã Tân Long,858
29656,Xã Tân Long Hội,858
29659,Thị trấn Vũng Liêm,859
29662,Xã Tân Quới Trung,859
29665,Xã Quới Thiện,859
29668,Xã Quới An,859
29671,Xã Trung Chánh,859
29674,Xã Tân An Luông,859
29677,Xã Thanh Bình,859
29680,Xã Trung Thành Tây,859
29683,Xã Trung Hiệp,859
29686,Xã Hiếu Phụng,859
29689,Xã Trung Thành Đông,859
29692,Xã Trung Thành,859
29695,Xã Trung Hiếu,859
29698,Xã Trung Ngãi,859
29701,Xã Hiếu Thuận,859
29704,Xã Trung Nghĩa,859
29707,Xã Trung An,859
29710,Xã Hiếu Nhơn,859
29713,Xã Hiếu Thành,859
29716,Xã Hiếu Nghĩa,859
29719,Thị trấn Tam Bình,860
29722,Xã Tân Lộc,860
29725,Xã Phú Thịnh,860
29728,Xã Hậu Lộc,860
29731,Xã Hòa Thạnh,860
29734,Xã Hoà Lộc,860
29737,Xã Phú Lộc,860
29740,Xã Song Phú,860
29743,Xã Hòa Hiệp,860
29746,Xã Mỹ Lộc,860
29749,Xã Tân Phú,860
29752,Xã Long Phú,860
29755,Xã Mỹ Thạnh Trung,860
29758,Xã Tường Lộc,860
29761,Xã Loan Mỹ,860
29764,Xã Ngãi Tứ,860
29767,Xã Bình Ninh,860
29770,Phường Cái Vồn,861
29771,Phường Thành Phước,861
29806,Xã Thuận An,861
29809,Xã Đông Thạnh,861
29812,Xã Đông Bình,861
29813,Phường Đông Thuận,861
29815,Xã Mỹ Hòa,861
29818,Xã Đông Thành,861
29821,Thị trấn Trà Ôn,862
29824,Xã Xuân Hiệp,862
29827,Xã Nhơn Bình,862
29830,Xã Hòa Bình,862
29833,Xã Thới Hòa,862
29836,Xã Trà Côn,862
29839,Xã Tân Mỹ,862
29842,Xã Hựu Thành,862
29845,Xã Vĩnh Xuân,862
29848,Xã Thuận Thới,862
29851,Xã Phú Thành,862
29854,Xã Thiện Mỹ,862
29857,Xã Lục Sỹ Thành,862
29860,Xã Tích Thiện,862
29773,Xã Tân Hưng,863
29776,Xã Tân Thành,863
29779,Xã Thành Trung,863
29782,Xã Tân An Thạnh,863
29785,Xã Tân Lược,863
29788,Xã Nguyễn Văn Thảnh,863
29791,Xã Thành Lợi,863
29794,Xã Mỹ Thuận,863
29797,Xã Tân Bình,863
29800,Thị trấn Tân Quới,863
29863,Phường 11,866
29866,Phường 1,866
29869,Phường 2,866
29872,Phường 4,866
29875,Phường 3,866
29878,Phường 6,866
29881,Xã Mỹ Ngãi,866
29884,Xã Mỹ Tân,866
29887,Xã Mỹ Trà,866
29888,Phường Mỹ Phú,866
29890,Xã Tân Thuận Tây,866
29892,Phường Hoà Thuận,866
29893,Xã Hòa An,866
29896,Xã Tân Thuận Đông,866
29899,Xã Tịnh Thới,866
29902,Phường 3,867
29905,Phường 1,867
29908,Phường 4,867
29911,Phường 2,867
29914,Xã Tân Khánh Đông,867
29917,Phường Tân Quy Đông,867
29919,Phường An Hoà,867
29920,Xã Tân Quy Tây,867
29923,Xã Tân Phú Đông,867
29954,Phường An Lộc,868
29955,Phường An Thạnh,868
29959,Xã Bình Thạnh,868
29965,Xã Tân Hội,868
29978,Phường An Lạc,868
29986,Phường An Bình B,868
29989,Phường An Bình A,868
29926,Thị trấn Sa Rài,869
29929,Xã Tân Hộ Cơ,869
29932,Xã Thông Bình,869
29935,Xã Bình Phú,869
29938,Xã Tân Thành A,869
29941,Xã Tân Thành B,869
29944,Xã Tân Phước,869
29947,Xã Tân Công Chí,869
29950,Xã An Phước,869
29956,Xã Thường Phước 1,870
29962,Xã Thường Thới Hậu A,870
29971,Thị trấn Thường Thới Tiền,870
29974,Xã Thường Phước 2,870
29977,Xã Thường Lạc,870
29980,Xã Long Khánh A,870
29983,Xã Long Khánh B,870
29992,Xã Long Thuận,870
29995,Xã Phú Thuận B,870
29998,Xã Phú Thuận A,870
30001,Thị trấn Tràm Chim,871
30004,Xã Hoà Bình,871
30007,Xã Tân Công Sính,871
30010,Xã Phú Hiệp,871
30013,Xã Phú Đức,871
30016,Xã Phú Thành B,871
30019,Xã An Hòa,871
30022,Xã An Long,871
30025,Xã Phú Cường,871
30028,Xã Phú Ninh,871
30031,Xã Phú Thọ,871
30034,Xã Phú Thành A,871
30037,Thị trấn Mỹ An,872
30040,Xã Thạnh Lợi,872
30043,Xã Hưng Thạnh,872
30046,Xã Trường Xuân,872
30049,Xã Tân Kiều,872
30052,Xã Mỹ Hòa,872
30055,Xã Mỹ Quý,872
30058,Xã Mỹ Đông,872
30061,Xã Đốc Binh Kiều,872
30064,Xã Mỹ An,872
30067,Xã Phú Điền,872
30070,Xã Láng Biển,872
30073,Xã Thanh Mỹ,872
30076,Thị trấn Mỹ Thọ,873
30079,Xã Gáo Giồng,873
30082,Xã Phương Thịnh,873
30085,Xã Ba Sao,873
30088,Xã Phong Mỹ,873
30091,Xã Tân Nghĩa,873
30094,Xã Phương Trà,873
30097,Xã Nhị Mỹ,873
30100,Xã Mỹ Thọ,873
30103,Xã Tân Hội Trung,873
30106,Xã An Bình,873
30109,Xã Mỹ Hội,873
30112,Xã Mỹ Hiệp,873
30115,Xã Mỹ Long,873
30118,Xã Bình Hàng Trung,873
30121,Xã Mỹ Xương,873
30124,Xã Bình Hàng Tây,873
30127,Xã Bình Thạnh,873
30130,Thị trấn Thanh Bình,874
30133,Xã Tân Quới,874
30136,Xã Tân Hòa,874
30139,Xã An Phong,874
30142,Xã Phú Lợi,874
30145,Xã Tân Mỹ,874
30148,Xã Bình Tấn,874
30151,Xã Tân Huề,874
30154,Xã Tân Bình,874
30157,Xã Tân Thạnh,874
30160,Xã Tân Phú,874
30163,Xã Bình Thành,874
30166,Xã Tân Long,874
30169,Thị trấn Lấp Vò,875
30172,Xã Mỹ An Hưng A,875
30175,Xã Tân Mỹ,875
30178,Xã Mỹ An Hưng B,875
30181,Xã Tân  Khánh Trung,875
30184,Xã Long Hưng A,875
30187,Xã Vĩnh Thạnh,875
30190,Xã Long Hưng B,875
30193,Xã Bình Thành,875
30196,Xã Định An,875
30199,Xã Định Yên,875
30202,Xã Hội An Đông,875
30205,Xã Bình Thạnh Trung,875
30208,Thị trấn Lai Vung,876
30211,Xã Tân Dương,876
30214,Xã Hòa Thành,876
30217,Xã Long Hậu,876
30220,Xã Tân Phước,876
30223,Xã Hòa Long,876
30226,Xã Tân Thành,876
30229,Xã Long Thắng,876
30232,Xã Vĩnh Thới,876
30235,Xã Tân Hòa,876
30238,Xã Định Hòa,876
30241,Xã Phong Hòa,876
30244,Thị trấn Cái Tàu Hạ,877
30247,Xã An Hiệp,877
30250,Xã An Nhơn,877
30253,Xã Tân Nhuận Đông,877
30256,Xã Tân Bình,877
30259,Xã Tân Phú Trung,877
30262,Xã Phú Long,877
30265,Xã An Phú Thuận,877
30268,Xã Phú Hựu,877
30271,Xã An Khánh,877
30274,Xã Tân Phú,877
30277,Xã Hòa Tân,877
30280,Phường Mỹ Bình,883
30283,Phường Mỹ Long,883
30285,Phường Đông Xuyên,883
30286,Phường Mỹ Xuyên,883
30289,Phường Bình Đức,883
30292,Phường Bình Khánh,883
30295,Phường Mỹ Phước,883
30298,Phường Mỹ Quý,883
30301,Phường Mỹ Thới,883
30304,Phường Mỹ Thạnh,883
30307,Phường Mỹ Hòa,883
30310,Xã Mỹ Khánh,883
30313,Xã Mỹ Hoà Hưng,883
30316,Phường Châu Phú B,884
30319,Phường Châu Phú A,884
30322,Phường Vĩnh Mỹ,884
30325,Phường Núi Sam,884
30328,Phường Vĩnh Ngươn,884
30331,Xã Vĩnh Tế,884
30334,Xã Vĩnh Châu,884
30337,Thị trấn An Phú,886
30340,Xã Khánh An,886
30341,Thị Trấn Long Bình,886
30343,Xã Khánh Bình,886
30346,Xã Quốc Thái,886
30349,Xã Nhơn Hội,886
30352,Xã Phú Hữu,886
30355,Xã Phú Hội,886
30358,Xã Phước Hưng,886
30361,Xã Vĩnh Lộc,886
30364,Xã Vĩnh Hậu,886
30367,Xã Vĩnh Trường,886
30370,Xã Vĩnh Hội Đông,886
30373,Xã Đa Phước,886
30376,Phường Long Thạnh,887
30377,Phường Long Hưng,887
30378,Phường Long Châu,887
30379,Xã Phú Lộc,887
30382,Xã Vĩnh Xương,887
30385,Xã Vĩnh Hòa,887
30387,Xã Tân Thạnh,887
30388,Xã Tân An,887
30391,Xã Long An,887
30394,Phường Long Phú,887
30397,Xã Châu Phong,887
30400,Xã Phú Vĩnh,887
30403,Xã Lê Chánh,887
30412,Phường Long Sơn,887
30406,Thị trấn Phú Mỹ,888
30409,Thị trấn Chợ Vàm,888
30415,Xã Long Hoà,888
30418,Xã Phú Long,888
30421,Xã Phú Lâm,888
30424,Xã Phú Hiệp,888
30427,Xã Phú Thạnh,888
30430,Xã Hoà Lạc,888
30433,Xã Phú Thành,888
30436,Xã Phú An,888
30439,Xã Phú Xuân,888
30442,Xã Hiệp Xương,888
30445,Xã Phú Bình,888
30448,Xã Phú Thọ,888
30451,Xã Phú Hưng,888
30454,Xã Bình Thạnh Đông,888
30457,Xã Tân Hòa,888
30460,Xã Tân Trung,888
30463,Thị trấn Cái Dầu,889
30466,Xã Khánh Hòa,889
30469,Xã Mỹ Đức,889
30472,Xã Mỹ Phú,889
30475,Xã Ô Long Vỹ,889
30478,Thị trấn Vĩnh Thạnh Trung,889
30481,Xã Thạnh Mỹ Tây,889
30484,Xã Bình Long,889
30487,Xã Bình Mỹ,889
30490,Xã Bình Thủy,889
30493,Xã Đào Hữu Cảnh,889
30496,Xã Bình Phú,889
30499,Xã Bình Chánh,889
30502,Thị trấn Nhà Bàng,890
30505,Thị trấn Chi Lăng,890
30508,Xã Núi Voi,890
30511,Xã Nhơn Hưng,890
30514,Xã An Phú,890
30517,Xã Thới Sơn,890
30520,Thị trấn Tịnh Biên,890
30523,Xã Văn Giáo,890
30526,Xã An Cư,890
30529,Xã An Nông,890
30532,Xã Vĩnh Trung,890
30535,Xã Tân Lợi,890
30538,Xã An Hảo,890
30541,Xã Tân Lập,890
30544,Thị trấn Tri Tôn,891
30547,Thị trấn Ba Chúc,891
30550,Xã Lạc Quới,891
30553,Xã Lê Trì,891
30556,Xã Vĩnh Gia,891
30559,Xã Vĩnh Phước,891
30562,Xã Châu Lăng,891
30565,Xã Lương Phi,891
30568,Xã Lương An Trà,891
30571,Xã Tà Đảnh,891
30574,Xã Núi Tô,891
30577,Xã An Tức,891
30580,Thị trấn Cô Tô,891
30583,Xã Tân Tuyến,891
30586,Xã Ô Lâm,891
30589,Thị trấn An Châu,892
30592,Xã An Hòa,892
30595,Xã Cần Đăng,892
30598,Xã Vĩnh Hanh,892
30601,Xã Bình Thạnh,892
30604,Thị trấn Vĩnh Bình,892
30607,Xã Bình Hòa,892
30610,Xã Vĩnh An,892
30613,Xã Hòa Bình Thạnh,892
30616,Xã Vĩnh Lợi,892
30619,Xã Vĩnh Nhuận,892
30622,Xã Tân Phú,892
30625,Xã Vĩnh Thành,892
30628,Thị trấn Chợ Mới,893
30631,Thị trấn Mỹ Luông,893
30634,Xã Kiến An,893
30637,Xã Mỹ Hội Đông,893
30640,Xã Long Điền A,893
30643,Xã Tấn Mỹ,893
30646,Xã Long Điền B,893
30649,Xã Kiến Thành,893
30652,Xã Mỹ Hiệp,893
30655,Xã Mỹ An,893
30658,Xã Nhơn Mỹ,893
30661,Xã Long Giang,893
30664,Xã Long Kiến,893
30667,Xã Bình Phước Xuân,893
30670,Xã An Thạnh Trung,893
30673,Xã Hội An,893
30676,Xã Hòa Bình,893
30679,Xã Hòa An,893
30682,Thị trấn Núi Sập,894
30685,Thị trấn Phú Hoà,894
30688,Thị Trấn Óc Eo,894
30691,Xã Tây Phú,894
30692,Xã An Bình,894
30694,Xã Vĩnh Phú,894
30697,Xã Vĩnh Trạch,894
30700,Xã Phú Thuận,894
30703,Xã Vĩnh Chánh,894
30706,Xã Định Mỹ,894
30709,Xã Định Thành,894
30712,Xã Mỹ Phú Đông,894
30715,Xã Vọng Đông,894
30718,Xã Vĩnh Khánh,894
30721,Xã Thoại Giang,894
30724,Xã Bình Thành,894
30727,Xã Vọng Thê,894
30730,Phường Vĩnh Thanh Vân,899
30733,Phường Vĩnh Thanh,899
30736,Phường Vĩnh Quang,899
30739,Phường Vĩnh Hiệp,899
30742,Phường Vĩnh Bảo,899
30745,Phường Vĩnh Lạc,899
30748,Phường An Hòa,899
30751,Phường An Bình,899
30754,Phường Rạch Sỏi,899
30757,Phường Vĩnh Lợi,899
30760,Phường Vĩnh Thông,899
30763,Xã Phi Thông,899
30766,Phường Tô Châu,900
30769,Phường Đông Hồ,900
30772,Phường Bình San,900
30775,Phường Pháo Đài,900
30778,Phường Mỹ Đức,900
30781,Xã Tiên Hải,900
30784,Xã Thuận Yên,900
30787,Thị trấn Kiên Lương,902
30790,Xã Kiên Bình,902
30802,Xã Hòa Điền,902
30805,Xã Dương Hòa,902
30808,Xã Bình An,902
30809,Xã Bình Trị,902
30811,Xã Sơn Hải,902
30814,Xã Hòn Nghệ,902
30817,Thị trấn Hòn Đất,903
30820,Thị trấn Sóc Sơn,903
30823,Xã Bình Sơn,903
30826,Xã Bình Giang,903
30828,Xã Mỹ Thái,903
30829,Xã Nam Thái Sơn,903
30832,Xã Mỹ Hiệp Sơn,903
30835,Xã Sơn Kiên,903
30836,Xã Sơn Bình,903
30838,Xã Mỹ Thuận,903
30840,Xã Lình Huỳnh,903
30841,Xã Thổ Sơn,903
30844,Xã Mỹ Lâm,903
30847,Xã Mỹ Phước,903
30850,Thị trấn Tân Hiệp,904
30853,Xã Tân Hội,904
30856,Xã Tân Thành,904
30859,Xã Tân Hiệp B,904
30860,Xã Tân Hoà,904
30862,Xã Thạnh Đông B,904
30865,Xã Thạnh Đông,904
30868,Xã Tân Hiệp A,904
30871,Xã Tân An,904
30874,Xã Thạnh Đông A,904
30877,Xã Thạnh Trị,904
30880,Thị trấn Minh Lương,905
30883,Xã Mong Thọ A,905
30886,Xã Mong Thọ B,905
30887,Xã Mong Thọ,905
30889,Xã Giục Tượng,905
30892,Xã Vĩnh Hòa Hiệp,905
30893,Xã Vĩnh Hoà Phú,905
30895,Xã Minh Hòa,905
30898,Xã Bình An,905
30901,Xã Thạnh Lộc,905
30904,Thị Trấn Giồng Riềng,906
30907,Xã Thạnh Hưng,906
30910,Xã Thạnh Phước,906
30913,Xã Thạnh Lộc,906
30916,Xã Thạnh Hòa,906
30917,Xã Thạnh Bình,906
30919,Xã Bàn Thạch,906
30922,Xã Bàn Tân Định,906
30925,Xã Ngọc Thành,906
30928,Xã Ngọc Chúc,906
30931,Xã Ngọc Thuận,906
30934,Xã Hòa Hưng,906
30937,Xã Hoà Lợi,906
30940,Xã Hoà An,906
30943,Xã Long Thạnh,906
30946,Xã Vĩnh Thạnh,906
30947,Xã Vĩnh Phú,906
30949,Xã  Hòa Thuận,906
30950,Xã Ngọc Hoà,906
30952,Thị trấn Gò Quao,907
30955,Xã Vĩnh Hòa Hưng Bắc,907
30958,Xã Định Hòa,907
30961,Xã Thới Quản,907
30964,Xã Định An,907
30967,Xã Thủy Liễu,907
30970,Xã Vĩnh Hòa Hưng Nam,907
30973,Xã Vĩnh Phước A,907
30976,Xã Vĩnh Phước B,907
30979,Xã Vĩnh Tuy,907
30982,Xã Vĩnh Thắng,907
30985,Thị trấn Thứ Ba,908
30988,Xã Tây Yên,908
30991,Xã Tây Yên A,908
30994,Xã Nam Yên,908
30997,Xã Hưng Yên,908
31000,Xã Nam Thái,908
31003,Xã Nam Thái A,908
31006,Xã Đông Thái,908
31009,Xã Đông Yên,908
31018,Thị trấn Thứ Mười Một,909
31021,Xã Thuận Hoà,909
31024,Xã Đông Hòa,909
31030,Xã Đông Thạnh,909
31031,Xã Tân Thạnh,909
31033,Xã Đông Hưng,909
31036,Xã Đông Hưng A,909
31039,Xã Đông Hưng B,909
31042,Xã Vân Khánh,909
31045,Xã Vân Khánh Đông,909
31048,Xã Vân Khánh Tây,909
31051,Thị trấn Vĩnh Thuận,910
31060,Xã Vĩnh Bình Bắc,910
31063,Xã Vĩnh Bình Nam,910
31064,Xã Bình Minh,910
31069,Xã Vĩnh Thuận,910
31072,Xã Tân Thuận,910
31074,Xã Phong Đông,910
31075,Xã Vĩnh Phong,910
31078,Phường Dương Đông,911
31081,Phường An Thới,911
31084,Xã Cửa Cạn,911
31087,Xã Gành Dầu,911
31090,Xã Cửa Dương,911
31093,Xã Hàm Ninh,911
31096,Xã Dương Tơ,911
31102,Xã Bãi Thơm,911
31105,Xã Thổ Châu,911
31108,Xã Hòn Tre,912
31111,Xã Lại Sơn,912
31114,Xã An Sơn,912
31115,Xã Nam Du,912
31012,Xã Thạnh Yên,913
31015,Xã Thạnh Yên A,913
31027,Xã An Minh Bắc,913
31054,Xã Vĩnh Hòa,913
31057,Xã Hoà Chánh,913
31066,Xã Minh Thuận,913
30791,Xã Vĩnh Phú,914
30793,Xã Vĩnh Điều,914
30796,Xã Tân Khánh Hòa,914
30797,Xã Phú Lợi,914
30799,Xã Phú Mỹ,914
31117,Phường Cái Khế,916
31120,Phường An Hòa,916
31123,Phường Thới Bình,916
31126,Phường An Nghiệp,916
31129,Phường An Cư,916
31135,Phường Tân An,916
31141,Phường An Phú,916
31144,Phường Xuân Khánh,916
31147,Phường Hưng Lợi,916
31149,Phường An Khánh,916
31150,Phường An Bình,916
31153,Phường Châu Văn Liêm,917
31154,Phường Thới Hòa,917
31156,Phường Thới Long,917
31157,Phường Long Hưng,917
31159,Phường Thới An,917
31162,Phường Phước Thới,917
31165,Phường Trường Lạc,917
31168,Phường Bình Thủy,918
31169,Phường Trà An,918
31171,Phường Trà Nóc,918
31174,Phường Thới An Đông,918
31177,Phường An Thới,918
31178,Phường Bùi Hữu Nghĩa,918
31180,Phường Long Hòa,918
31183,Phường Long Tuyền,918
31186,Phường Lê Bình,919
31189,Phường Hưng Phú,919
31192,Phường Hưng Thạnh,919
31195,Phường Ba Láng,919
31198,Phường Thường Thạnh,919
31201,Phường Phú Thứ,919
31204,Phường Tân Phú,919
31207,Phường Thốt Nốt,923
31210,Phường Thới Thuận,923
31212,Phường Thuận An,923
31213,Phường Tân Lộc,923
31216,Phường Trung Nhứt,923
31217,Phường Thạnh Hoà,923
31219,Phường Trung Kiên,923
31227,Phường Tân Hưng,923
31228,Phường Thuận Hưng,923
31211,Xã Vĩnh Bình,924
31231,Thị trấn Thanh An,924
31232,Thị trấn Vĩnh Thạnh,924
31234,Xã Thạnh Mỹ,924
31237,Xã Vĩnh Trinh,924
31240,Xã Thạnh An,924
31241,Xã Thạnh Tiến,924
31243,Xã Thạnh Thắng,924
31244,Xã Thạnh Lợi,924
31246,Xã Thạnh Qưới,924
31252,Xã Thạnh Lộc,924
31222,Xã Trung An,925
31225,Xã Trung Thạnh,925
31249,Xã Thạnh Phú,925
31255,Xã Trung Hưng,925
31261,Thị trấn Cờ Đỏ,925
31264,Xã Thới Hưng,925
31273,Xã Đông Hiệp,925
31274,Xã Đông Thắng,925
31276,Xã Thới Đông,925
31277,Xã Thới Xuân,925
31299,Thị trấn Phong Điền,926
31300,Xã Nhơn Ái,926
31303,Xã Giai Xuân,926
31306,Xã Tân Thới,926
31309,Xã Trường Long,926
31312,Xã Mỹ Khánh,926
31315,Xã Nhơn Nghĩa,926
31258,Thị trấn Thới Lai,927
31267,Xã Thới Thạnh,927
31268,Xã Tân Thạnh,927
31270,Xã Xuân Thắng,927
31279,Xã Đông Bình,927
31282,Xã Đông Thuận,927
31285,Xã Thới Tân,927
31286,Xã Trường Thắng,927
31288,Xã Định Môn,927
31291,Xã Trường Thành,927
31294,Xã Trường Xuân,927
31297,Xã Trường Xuân A,927
31298,Xã Trường Xuân B,927
31318,Phường I,930
31321,Phường III,930
31324,Phường IV,930
31327,Phường V,930
31330,Phường VII,930
31333,Xã Vị Tân,930
31336,Xã Hoả Lựu,930
31338,Xã Tân Tiến,930
31339,Xã Hoả Tiến,930
31340,Phường Ngã Bảy,931
31341,Phường Lái Hiếu,931
31343,Phường Hiệp Thành,931
31344,Phường Hiệp Lợi,931
31411,Xã Đại Thành,931
31414,Xã Tân Thành,931
31342,Thị trấn Một Ngàn,932
31345,Xã Tân Hoà,932
31346,Thị trấn Bảy Ngàn,932
31348,Xã Trường Long Tây,932
31351,Xã Trường Long A,932
31357,Xã Nhơn Nghĩa A,932
31359,Thị trấn Rạch Gòi,932
31360,Xã Thạnh Xuân,932
31362,Thị trấn Cái Tắc,932
31363,Xã Tân Phú Thạnh,932
31366,Thị Trấn Ngã Sáu,933
31369,Xã Đông Thạnh,933
31375,Xã Đông Phú,933
31378,Xã Phú Hữu,933
31379,Xã Phú Tân,933
31381,Thị trấn Mái Dầm,933
31384,Xã Đông Phước,933
31387,Xã Đông Phước A,933
31393,Thị trấn Kinh Cùng,934
31396,Thị trấn Cây Dương,934
31399,Xã Tân Bình,934
31402,Xã Bình Thành,934
31405,Xã Thạnh Hòa,934
31408,Xã Long Thạnh,934
31417,Xã Phụng Hiệp,934
31420,Xã Hòa Mỹ,934
31423,Xã Hòa An,934
31426,Xã Phương Bình,934
31429,Xã Hiệp Hưng,934
31432,Xã Tân Phước Hưng,934
31433,Thị trấn Búng Tàu,934
31435,Xã Phương Phú,934
31438,Xã Tân Long,934
31441,Thị trấn Nàng Mau,935
31444,Xã Vị Trung,935
31447,Xã Vị Thuỷ,935
31450,Xã Vị Thắng,935
31453,Xã Vĩnh Thuận Tây,935
31456,Xã Vĩnh Trung,935
31459,Xã Vĩnh Tường,935
31462,Xã Vị Đông,935
31465,Xã Vị Thanh,935
31468,Xã Vị Bình,935
31483,Xã Thuận Hưng,936
31484,Xã Thuận Hòa,936
31486,Xã Vĩnh Thuận Đông,936
31489,Thị trấn Vĩnh Viễn,936
31490,Xã Vĩnh Viễn A,936
31492,Xã Lương Tâm,936
31493,Xã Lương Nghĩa,936
31495,Xã Xà Phiên,936
31471,Phường Thuận An,937
31472,Phường Trà Lồng,937
31473,Phường Bình Thạnh,937
31474,Xã Long Bình,937
31475,Phường Vĩnh Tường,937
31477,Xã Long Trị,937
31478,Xã Long Trị A,937
31480,Xã Long Phú,937
31481,Xã Tân Phú,937
31498,Phường 5,941
31501,Phường 7,941
31504,Phường 8,941
31507,Phường 6,941
31510,Phường 2,941
31513,Phường 1,941
31516,Phường 4,941
31519,Phường 3,941
31522,Phường 9,941
31525,Phường 10,941
31569,Thị trấn Châu Thành,942
31570,Xã Hồ Đắc Kiện,942
31573,Xã Phú Tâm,942
31576,Xã Thuận Hòa,942
31582,Xã Phú Tân,942
31585,Xã Thiện Mỹ,942
31594,Xã An Hiệp,942
31600,Xã An Ninh,942
31528,Thị trấn Kế Sách,943
31531,Thị trấn An Lạc Thôn,943
31534,Xã Xuân Hòa,943
31537,Xã Phong Nẫm,943
31540,Xã An Lạc Tây,943
31543,Xã Trinh Phú,943
31546,Xã Ba Trinh,943
31549,Xã Thới An Hội,943
31552,Xã Nhơn Mỹ,943
31555,Xã Kế Thành,943
31558,Xã Kế An,943
31561,Xã Đại Hải,943
31564,Xã An Mỹ,943
31567,Thị trấn Huỳnh Hữu Nghĩa,944
31579,Xã Long Hưng,944
31588,Xã Hưng Phú,944
31591,Xã Mỹ Hương,944
31597,Xã Mỹ Tú,944
31603,Xã Mỹ Phước,944
31606,Xã Thuận Hưng,944
31609,Xã Mỹ Thuận,944
31612,Xã Phú Mỹ,944
31615,Thị trấn Cù Lao Dung,945
31618,Xã An Thạnh 1,945
31621,Xã An Thạnh Tây,945
31624,Xã An Thạnh Đông,945
31627,Xã Đại Ân 1,945
31630,Xã An Thạnh 2,945
31633,Xã An Thạnh 3,945
31636,Xã An Thạnh Nam,945
31639,Thị trấn Long Phú,946
31642,Xã Song Phụng,946
31645,Thị trấn Đại Ngãi,946
31648,Xã Hậu Thạnh,946
31651,Xã Long Đức,946
31654,Xã Trường Khánh,946
31657,Xã Phú Hữu,946
31660,Xã Tân Hưng,946
31663,Xã Châu Khánh,946
31666,Xã Tân Thạnh,946
31669,Xã Long Phú,946
31684,Thị trấn Mỹ Xuyên,947
31690,Xã Đại Tâm,947
31693,Xã Tham Đôn,947
31708,Xã Thạnh Phú,947
31711,Xã Ngọc Đông,947
31714,Xã Thạnh Quới,947
31717,Xã Hòa Tú 1,947
31720,Xã Gia Hòa 1,947
31723,Xã Ngọc Tố,947
31726,Xã Gia Hòa 2,947
31729,Xã Hòa Tú II,947
31732,Phường 1,948
31735,Phường 2,948
31738,Xã Vĩnh Quới,948
31741,Xã Tân Long,948
31744,Xã Long Bình,948
31747,Phường 3,948
31750,Xã Mỹ Bình,948
31753,Xã Mỹ Quới,948
31756,Thị trấn Phú Lộc,949
31757,Thị trấn Hưng Lợi,949
31759,Xã Lâm Tân,949
31762,Xã Thạnh Tân,949
31765,Xã Lâm Kiết,949
31768,Xã Tuân Tức,949
31771,Xã Vĩnh Thành,949
31774,Xã Thạnh Trị,949
31777,Xã Vĩnh Lợi,949
31780,Xã Châu Hưng,949
31783,Phường 1,950
31786,Xã Hòa Đông,950
31789,Phường Khánh Hòa,950
31792,Xã Vĩnh Hiệp,950
31795,Xã Vĩnh Hải,950
31798,Xã Lạc Hòa,950
31801,Phường 2,950
31804,Phường Vĩnh Phước,950
31807,Xã Vĩnh Tân,950
31810,Xã Lai Hòa,950
31672,Xã Đại Ân  2,951
31673,Thị trấn Trần Đề,951
31675,Xã Liêu Tú,951
31678,Xã Lịch Hội Thượng,951
31679,Thị trấn Lịch Hội Thượng,951
31681,Xã Trung Bình,951
31687,Xã Tài Văn,951
31696,Xã Viên An,951
31699,Xã Thạnh Thới An,951
31702,Xã Thạnh Thới Thuận,951
31705,Xã Viên Bình,951
31813,Phường 2,954
31816,Phường 3,954
31819,Phường 5,954
31822,Phường 7,954
31825,Phường 1,954
31828,Phường 8,954
31831,Phường Nhà Mát,954
31834,Xã Vĩnh Trạch,954
31837,Xã Vĩnh Trạch Đông,954
31840,Xã Hiệp Thành,954
31843,Thị trấn Ngan Dừa,956
31846,Xã Ninh Quới,956
31849,Xã Ninh Quới A,956
31852,Xã Ninh Hòa,956
31855,Xã Lộc Ninh,956
31858,Xã Vĩnh Lộc,956
31861,Xã Vĩnh Lộc A,956
31863,Xã Ninh Thạnh Lợi A,956
31864,Xã Ninh Thạnh Lợi,956
31867,Thị trấn Phước Long,957
31870,Xã Vĩnh Phú Đông,957
31873,Xã Vĩnh Phú Tây,957
31876,Xã Phước Long,957
31879,Xã Hưng Phú,957
31882,Xã Vĩnh Thanh,957
31885,Xã Phong Thạnh Tây A,957
31888,Xã Phong Thạnh Tây B,957
31894,Xã Vĩnh Hưng,958
31897,Xã Vĩnh Hưng A,958
31900,Thị trấn Châu Hưng,958
31903,Xã Châu Hưng A,958
31906,Xã Hưng Thành,958
31909,Xã Hưng Hội,958
31912,Xã Châu Thới,958
31921,Xã Long Thạnh,958
31942,Phường 1,959
31945,Phường Hộ Phòng,959
31948,Xã Phong Thạnh Đông,959
31951,Phường Láng Tròn,959
31954,Xã Phong Tân,959
31957,Xã Tân Phong,959
31960,Xã Phong Thạnh,959
31963,Xã Phong Thạnh A,959
31966,Xã Phong Thạnh Tây,959
31969,Xã Tân Thạnh,959
31972,Thị trấn Gành Hào,960
31975,Xã Long Điền Đông,960
31978,Xã Long Điền Đông A,960
31981,Xã Long Điền,960
31984,Xã Long Điền Tây,960
31985,Xã Điền Hải,960
31987,Xã An Trạch,960
31988,Xã An Trạch A,960
31990,Xã An Phúc,960
31993,Xã Định Thành,960
31996,Xã Định Thành A,960
31891,Thị trấn Hòa Bình,961
31915,Xã Minh Diệu,961
31918,Xã Vĩnh Bình,961
31924,Xã Vĩnh Mỹ B,961
31927,Xã Vĩnh Hậu,961
31930,Xã Vĩnh Hậu A,961
31933,Xã Vĩnh Mỹ A,961
31936,Xã Vĩnh Thịnh,961
31999,Phường 9,964
32002,Phường 4,964
32005,Phường 1,964
32008,Phường 5,964
32011,Phường 2,964
32014,Phường 8,964
32017,Phường 6,964
32020,Phường 7,964
32022,Phường Tân Xuyên,964
32023,Xã An Xuyên,964
32025,Phường Tân Thành,964
32026,Xã Tân Thành,964
32029,Xã Tắc Vân,964
32032,Xã Lý Văn Lâm,964
32035,Xã Định Bình,964
32038,Xã Hòa Thành,964
32041,Xã Hòa Tân,964
32044,Thị trấn U Minh,966
32047,Xã Khánh Hòa,966
32048,Xã Khánh Thuận,966
32050,Xã Khánh Tiến,966
32053,Xã Nguyễn Phích,966
32056,Xã Khánh Lâm,966
32059,Xã Khánh An,966
32062,Xã Khánh Hội,966
32065,Thị trấn Thới Bình,967
32068,Xã Biển Bạch,967
32069,Xã Tân Bằng,967
32071,Xã Trí Phải,967
32072,Xã Trí Lực,967
32074,Xã Biển Bạch Đông,967
32077,Xã Thới Bình,967
32080,Xã Tân Phú,967
32083,Xã Tân Lộc Bắc,967
32086,Xã Tân Lộc,967
32089,Xã Tân Lộc Đông,967
32092,Xã Hồ Thị Kỷ,967
32095,Thị trấn Trần Văn Thời,968
32098,Thị trấn Sông Đốc,968
32101,Xã Khánh Bình Tây Bắc,968
32104,Xã Khánh Bình Tây,968
32107,Xã Trần Hợi,968
32108,Xã Khánh Lộc,968
32110,Xã Khánh Bình,968
32113,Xã Khánh Hưng,968
32116,Xã Khánh Bình Đông,968
32119,Xã Khánh Hải,968
32122,Xã Lợi An,968
32124,Xã Phong Điền,968
32125,Xã Phong Lạc,968
32128,Thị trấn Cái Nước,969
32130,Xã Thạnh Phú,969
32131,Xã Lương Thế Trân,969
32134,Xã Phú Hưng,969
32137,Xã Tân Hưng,969
32140,Xã Hưng Mỹ,969
32141,Xã Hoà Mỹ,969
32142,Xã Đông Hưng,969
32143,Xã Đông Thới,969
32146,Xã Tân Hưng Đông,969
32149,Xã Trần Thới,969
32152,Thị trấn Đầm Dơi,970
32155,Xã Tạ An Khương,970
32158,Xã Tạ An Khương  Đông,970
32161,Xã Trần Phán,970
32162,Xã Tân Trung,970
32164,Xã Tân Đức,970
32167,Xã Tân Thuận,970
32170,Xã Tạ An Khương  Nam,970
32173,Xã Tân Duyệt,970
32174,Xã Tân Dân,970
32176,Xã Tân Tiến,970
32179,Xã Quách Phẩm Bắc,970
32182,Xã Quách Phẩm,970
32185,Xã Thanh Tùng,970
32186,Xã Ngọc Chánh,970
32188,Xã Nguyễn Huân,970
32191,Thị Trấn Năm Căn,971
32194,Xã Hàm Rồng,971
32197,Xã Hiệp Tùng,971
32200,Xã Đất Mới,971
32201,Xã Lâm Hải,971
32203,Xã Hàng Vịnh,971
32206,Xã Tam Giang,971
32209,Xã Tam Giang Đông,971
32212,Thị trấn Cái Đôi Vàm,972
32214,Xã Phú Thuận,972
32215,Xã Phú Mỹ,972
32218,Xã Phú Tân,972
32221,Xã Tân Hải,972
32224,Xã Việt Thắng,972
32227,Xã Tân Hưng Tây,972
32228,Xã Rạch Chèo,972
32230,Xã Nguyễn Việt Khái,972
32233,Xã Tam Giang Tây,973
32236,Xã Tân Ân Tây,973
32239,Xã Viên An Đông,973
32242,Xã Viên An,973
32244,Thị trấn Rạch Gốc,973
32245,Xã Tân Ân,973
32248,Xã Đất Mũi,973